,coeficiente,ep_cluster,z,p_valor
constante,7.25689,0.01117,649.58193,0.0
ano 2016,-0.04183,0.00615,-6.79676,0.0
ano 2017,-0.04396,0.00927,-4.73989,0.0
ano 2018,-0.06946,0.01103,-6.29913,0.0
ano 2019,-0.10392,0.01222,-8.50241,0.0
ano 2022,-0.10829,0.01744,-6.21065,0.0
ano 2023,-0.11334,0.01897,-5.97434,0.0
ano 2024,-0.10948,0.01994,-5.49125,0.0
ano 2025,-0.12381,0.02189,-5.65726,0.0
OSS,-0.06477,0.09816,-0.65984,0.50936
R2,0.94163,,,
N,2826.0,,,
