,coeficiente,ep_cluster,z,p_valor
constante,1.82896,0.00957,191.19786,0.0
ano 2016,-0.00033,0.00784,-0.04213,0.96639
ano 2017,-0.0072,0.00941,-0.76525,0.44412
ano 2018,-0.02117,0.01029,-2.05634,0.03975
ano 2019,-0.03259,0.01236,-2.6357,0.0084
ano 2022,0.0059,0.01364,0.43223,0.66557
ano 2023,-0.00489,0.0146,-0.33466,0.73788
ano 2024,-0.01955,0.0153,-1.27756,0.20141
ano 2025,-0.0331,0.01744,-1.89767,0.05774
OSS,-0.12025,0.05257,-2.2875,0.02217
R2,0.88504,,,
N,2664.0,,,
