,coeficiente,ep_cluster,z,p_valor
constante,7.24494,0.01163,622.85667,0.0
ano 2016,-0.03725,0.00625,-5.96151,0.0
ano 2017,-0.03964,0.00968,-4.0958,4e-05
ano 2018,-0.06391,0.01162,-5.50143,0.0
ano 2019,-0.09835,0.01276,-7.70536,0.0
ano 2022,-0.09287,0.01836,-5.05799,0.0
ano 2023,-0.09503,0.01996,-4.76054,0.0
ano 2024,-0.08632,0.02073,-4.16463,3e-05
ano 2025,-0.09318,0.02232,-4.17376,3e-05
OSS,-0.08301,0.09783,-0.8485,0.39616
R2,0.94183,,,
N,2601.0,,,
