,coeficiente,ep_cluster,z,p_valor
constante,1.82857,0.0097,188.56179,0.0
ano 2016,0.00087,0.00778,0.1116,0.91114
ano 2017,-0.00795,0.00948,-0.83832,0.40185
ano 2018,-0.02144,0.01046,-2.05035,0.04033
ano 2019,-0.03218,0.01257,-2.56118,0.01043
ano 2022,0.00618,0.01389,0.44474,0.65651
ano 2023,-0.00388,0.01486,-0.26085,0.79421
ano 2024,-0.01838,0.01557,-1.1807,0.23772
ano 2025,-0.03269,0.01776,-1.84008,0.06576
OSS,-0.12067,0.05274,-2.28809,0.02213
R2,0.88459,,,
N,2601.0,,,
