"estatistica","valor"
"coef_oss",-0.254883286112002
"ep_bootstrap",0.0932029388930751
"ic95_lo",-0.46485109357113
"ic95_hi",-0.0861196622657557
"replicas_validas",100
