"chave","modelo_relatorio","coef_freq","ep_freq","coef_hier","ep_hier","ic95_lo_hier","ic95_hi_hier","efeito_pct_hier","ic95_lo_freq","ic95_hi_freq"
"custo","Custo real por saída (log)",-0.0696,0.095,-0.0696192974910273,0.0603509590091009,-0.187907177148865,0.0486685821668105,-6.7251147850918,-0.2558,0.1166
"mortalidade","Mortalidade (geral)",-0.2297,0.1332,-0.254883286112002,0.0756394412785308,-0.403136591017922,-0.106629981206082,NA,-0.490772,0.031372
"ocupacao_internacao","Ocupação internação",0.2122,0.0742,0.124240618537028,0.0817506396091364,-0.0359906350968795,0.284471872170935,13.2288287774896,0.066768,0.357632
"producao","Produção (saídas)",0.3743,0.0825,0.286677729070547,0.0718139794945208,0.145922329261286,0.427433128879808,33.1994881070365,0.2126,0.536
"tmp","TMP (log, sem longa perm.)",-0.1076,0.0467,-0.107581133952717,0.0469741033477807,-0.199650376514367,-0.0155118913910669,-10.1996339091494,-0.199132,-0.016068
"uti_parte2","Ocupação UTI (intensidade)",0.1856,0.0734,0.26746980597923,0.106011922660339,0.0596864375649648,0.475253174393495,30.6654176097125,0.041736,0.329464
