"especificacao","coef","ep","lo","hi"
"principal",-0.262033913071973,0.075264472464995,-0.409552279103363,-0.114515547040583
"sem_mundlak",-0.233097620147846,0.0703574586291677,-0.370998239061015,-0.0951970012346772
"re_de_ano",-0.260298891382846,0.0753330885093491,-0.407951744861171,-0.112646037904522
