"modelo","coef","ep","lo","hi","efeito_pct"
"mortalidade",-0.262033913071973,0.075264472464995,-0.409552279103363,-0.114515547040583,NA
"mortalidade_ajustada",-0.263722864962643,0.0751542669528669,-0.411025228190262,-0.116420501735024,NA
"tmp",-0.107985204205236,0.0473032572005606,-0.200699588318335,-0.0152708200921372,-10.2359122357621
"custo",-0.0866315723750067,0.0603412516095635,-0.204900425529751,0.0316372807797379,-8.29851129795994
"producao",0.281511083660309,0.0718183639534059,0.140747090311634,0.422275077008985,32.5130683538489
"ocupacao_internacao",0.118015781684322,0.0810977574323815,-0.0409358228831454,0.27696738625179,12.5261869754822
"uti_parte1",-58.9580317601509,NA,NA,NA,NA
"uti_parte2",0.265140611653367,0.106639371078226,0.0561274443400448,0.47415377896669,30.361426624901
