"categoria","sem_pooling","com_pooling","encolhimento_pct"
"Direta",0.0818671147190826,0.041868421341668,48.8580714181334
"OSS",-0.134635053652358,-0.149686065572061,-11.1791182989883
"Público Municipal",0.0738679919135756,-0.0115332914778623,84.386618372737
"Filantrópico",0.298674619634542,0.169312251492238,43.3121395787134
"Privado",-0.319774672614843,-0.0310771206838971,90.2815565630088
