"estatistica","valor"
"coef_oss",-0.262033913071973
"ep_bootstrap",0.093671992963785
"ic95_lo",-0.41041360029003
"ic95_hi",-0.0894874973200511
"replicas_validas",100
