"medida","valor"
"delta_medio_te",1.59978776351461e-05
"delta_maximo_te",0.0282325709384528
"spearman_rankings",0.999996770960798
"obs_afetadas_acima_001",0.000636132315521629
