"estatistica","valor"
"spearman_vs_principal",0.52445648969025
"coef_oss_log_lambda",-1.02973602079231
"ic95_lo",-1.67469927162219
"ic95_hi",-0.49843813389736
"mediana_Direta",0.445695653319616
"mediana_Filantrópico",0.37514103046258
"mediana_OSS",0.687976767611316
"mediana_Privado",0.104022747021496
"mediana_Público_Municipal",0.548712885714922
