"categoria","saidas_por_leito"
"Direta",36.3804377104377
"OSS",55.1594202898551
"Público Municipal",51.2376460459968
"Filantrópico",35.0894308943089
"Privado",3.2436974789916
