"medida","valor"
"delta_medio_te",1.75432766281622e-05
"delta_maximo_te",0.0282325709384528
"spearman_rankings",0.999996596362907
"obs_afetadas_acima_001",0.000584966364434045
