"variante","n","coef_oss_lambda","ic_lo","ic_hi","replicas"
"principal",3452,-38.8094519754656,-133.995538113771,-4.90209348127804,400
"sem_pandemia",2826,-39.9704863628483,-98.1689852844524,-3.90819616386341,400
"sem_switchers",3397,-37.8638231471983,-118.230634772708,-5.07626573166699,400
"suporte_comum",2629,-9.59435674057885,-59.2998262260542,-1.0154508860695,400
