"variante","n","coef_oss_inef","ep","p"
"principal",3452,-1290.52140206544,1464.59114177517,0.378237776696887
"sem_pandemia",2826,-1335.77016165844,1252.3512761657,0.286148067004983
"sem_switchers",3397,-1423.93858749932,1909.9914629417,0.455956870816045
"suporte_comum",2629,-465.1496331456,444.292312948551,0.295124927386844
