"insumo","elasticidade_na_media","pct_obs_monotonas","retornos_escala_na_media"
"leitos",0.421081961740686,0.997167138810198,0.801569136900696
"uti (log1p)",-0.0865728813159344,0.0506767390620082,0.801569136900696
"valor real",0.467060056475945,0.995908089392509,0.801569136900696
