"especificacao","coef","ep"
"principal",-1290.52140206544,1464.59114177517
"sem_input_uti",-1497.43444175243,2197.61113611768
"quase_tre_mundlak",-835.564040103165,680.851270463715
