"ano","spearman"
"2015",0.573603266014898
"2016",0.543576937500545
"2017",0.519394240673824
"2018",0.552885816421357
"2019",0.544698297706987
"2020",0.69717790095377
"2021",0.725566384328925
"2022",0.661974435080395
"2023",0.689956887905648
"2024",0.724420205802351
"2025",0.715141948193779
"agregado",0.624984248224819
