"especificacao","coef","ep"
"principal",-1297.56087934044,905.588940749349
"sem_input_uti",-1278.24817474754,660.657627558431
"quase_tre_mundlak",-1581.35882720508,1895.99063811699
